library,operation,query_name,requests_per_sec,total_time,avg_request_time,response_size_bytes,success_rate
requests,SELECT,select_simple,483.26503905491217,0.10346289501467254,0.0020692579002934506,29174,1.0
requests,SELECT,select_filter,709.6208291264599,0.07046016400272492,0.0014092032800544984,18520,1.0
requests,SELECT,select_optional,657.876368325247,0.07600212199031375,0.001520042439806275,12800,1.0
requests,ASK,ask,1612.1261804103815,0.031014942011097446,0.0006202988402219489,43,1.0
requests,CONSTRUCT,construct,695.4265412736559,0.07189831999858143,0.0014379663999716285,5387,1.0
requests,INSERT,insert_data,361.4807945018958,0.13831993500207318,0.002766398700041464,0,1.0
requests,DELETE,delete_data,345.6074673395084,0.14467279999735183,0.0028934559999470367,0,1.0
requests,UPDATE,update,992.1523729694728,0.05039548497006763,0.0010079096994013526,0,1.0
urllib3,SELECT,select_simple,556.4349825813742,0.089857757986465,0.0017971551597293,29174,1.0
urllib3,SELECT,select_filter,830.7492600767239,0.06018663199938601,0.0012037326399877203,18520,1.0
urllib3,SELECT,select_optional,765.3482636270647,0.06532973598586977,0.0013065947197173954,12800,1.0
urllib3,ASK,ask,2040.7581854151936,0.02450069800397614,0.0004900139600795228,43,1.0
urllib3,CONSTRUCT,construct,795.749209677741,0.06283386699215043,0.0012566773398430086,5387,1.0
urllib3,INSERT,insert_data,420.7930261724386,0.11882326200793614,0.0023764652401587227,0,1.0
urllib3,DELETE,delete_data,401.95336793261305,0.12439253900811309,0.002487850780162262,0,1.0
urllib3,UPDATE,update,1426.1552367085735,0.03505929699167609,0.0007011859398335219,0,1.0
httpx_sync,SELECT,select_simple,510.05505703202635,0.09802863300865283,0.0019605726601730567,29174,1.0
httpx_sync,SELECT,select_filter,798.6021398774913,0.06260939897765638,0.0012521879795531277,18520,1.0
httpx_sync,SELECT,select_optional,754.0153541281677,0.06631164700593217,0.0013262329401186434,12800,1.0
httpx_sync,ASK,ask,1935.855879338507,0.02582836900910479,0.0005165673801820958,43,1.0
httpx_sync,CONSTRUCT,construct,739.1346940254036,0.06764666900926386,0.001352933380185277,5387,1.0
httpx_sync,INSERT,insert_data,410.62396546787346,0.12176590799572296,0.002435318159914459,0,1.0
httpx_sync,DELETE,delete_data,353.48473200132287,0.1414488250084105,0.0028289765001682098,0,1.0
httpx_sync,UPDATE,update,998.5010100277511,0.05007506201582146,0.0010015012403164292,0,1.0
pycurl,SELECT,select_simple,3237.0586740387516,0.0154461210113368,0.000308922420226736,122,1.0
pycurl,SELECT,select_filter,4811.758700224343,0.01039121101348428,0.0002078242202696856,191,1.0
pycurl,SELECT,select_optional,3940.2335930285744,0.01268960299421451,0.0002537920598842902,191,1.0
pycurl,ASK,ask,5201.265577762376,0.009613044989237096,0.00019226089978474192,119,1.0
pycurl,CONSTRUCT,construct,3873.359427256883,0.012908691005577566,0.0002581738201115513,277,1.0
pycurl,INSERT,insert_data,466.0333938096991,0.10728844899131218,0.0021457689798262437,0,1.0
pycurl,DELETE,delete_data,453.9514384355717,0.11014394000449101,0.0022028788000898205,0,1.0
pycurl,UPDATE,update,1968.318806464714,0.025402389001101255,0.0005080477800220251,0,1.0
aiohttp,SELECT,select_simple,634.4111080752306,0.0788132480083732,0.001576264960167464,29174,1.0
aiohttp,SELECT,select_filter,852.399318476574,0.05865795398494811,0.001173159079698962,18520,1.0
aiohttp,SELECT,select_optional,774.1539119137545,0.0645866399827355,0.0012917327996547101,12800,1.0
aiohttp,ASK,ask,2078.271616830388,0.024058452992903767,0.00048116905985807535,43,1.0
aiohttp,CONSTRUCT,construct,851.4279076690539,0.05872487799570081,0.0011744975599140162,5387,1.0
aiohttp,INSERT,insert_data,402.04327391761717,0.12436472201807192,0.0024872944403614384,0,1.0
aiohttp,DELETE,delete_data,424.5537287338418,0.11777072397671873,0.0023554144795343746,0,1.0
aiohttp,UPDATE,update,1315.0266885770534,0.038022042012016755,0.0007604408402403351,0,1.0
httpx_async,SELECT,select_simple,422.22156845375855,0.11842123599490151,0.00236842471989803,29174,1.0
httpx_async,SELECT,select_filter,602.8723395731888,0.08293629798208713,0.0016587259596417426,18520,1.0
httpx_async,SELECT,select_optional,593.1673902727342,0.08429323799646227,0.0016858647599292454,12800,1.0
httpx_async,ASK,ask,1086.9470700759186,0.046000399997865316,0.0009200079999573063,43,1.0
httpx_async,CONSTRUCT,construct,565.1858257642465,0.0884664790246461,0.001769329580492922,5387,1.0
httpx_async,INSERT,insert_data,363.12603558432494,0.13769323898668517,0.0027538647797337034,0,1.0
httpx_async,DELETE,delete_data,356.78637404336223,0.14013988099759445,0.002802797619951889,0,1.0
httpx_async,UPDATE,update,949.9579264999394,0.05263390999243711,0.0010526781998487422,0,1.0
httpx_sync,SELECT,select_simple,585.7525441029069,0.08536027799345902,0.0017072055598691804,29174,1.0
httpx_sync,SELECT,select_filter,556.7847134867249,0.08980131600037566,0.0017960263200075134,18520,1.0
httpx_sync,SELECT,select_optional,625.9295759020157,0.07988119099172764,0.0015976238198345527,12800,1.0
httpx_sync,ASK,ask,1310.327855233047,0.0381583889866306,0.000763167779732612,43,1.0
httpx_sync,CONSTRUCT,construct,625.2550416071213,0.07996736799032078,0.0015993473598064157,5387,1.0
httpx_sync,INSERT,insert_data,400.971017071774,0.12469729200165602,0.0024939458400331203,0,1.0
httpx_sync,DELETE,delete_data,370.05860281240626,0.13511373501387425,0.002702274700277485,0,1.0
httpx_sync,UPDATE,update,1270.777918038575,0.039345977995253634,0.0007869195599050727,0,1.0
pycurl,SELECT,select_simple,6524.828215379858,0.007663036994927097,0.00015326073989854194,122,1.0
pycurl,SELECT,select_filter,3193.2680794116104,0.015657940002711257,0.00031315880005422514,191,1.0
pycurl,SELECT,select_optional,2898.170519176674,0.01725226299458882,0.0003450452598917764,191,1.0
pycurl,ASK,ask,5033.540998817299,0.00993336500323494,0.00019866730006469878,119,1.0
pycurl,CONSTRUCT,construct,4046.8204196517772,0.012355378992651822,0.00024710757985303645,277,1.0
pycurl,INSERT,insert_data,417.84453557558373,0.11966173000473646,0.0023932346000947293,0,1.0
pycurl,DELETE,delete_data,409.6328943284911,0.12206051001339802,0.0024412102002679603,0,1.0
pycurl,UPDATE,update,1814.6879830599637,0.027552945997740608,0.0005510589199548122,0,1.0
urllib3,SELECT,select_simple,590.2997459935154,0.08470272999329609,0.0016940545998659219,29174,1.0
urllib3,SELECT,select_filter,791.8834229921367,0.0631406069987861,0.0012628121399757219,18520,1.0
urllib3,SELECT,select_optional,759.0522752663774,0.0658716159996402,0.001317432319992804,12800,1.0
urllib3,ASK,ask,2186.419840581077,0.022868434996780707,0.0004573686999356141,43,1.0
urllib3,CONSTRUCT,construct,783.6205379018544,0.0638063929945929,0.001276127859891858,5387,1.0
urllib3,INSERT,insert_data,391.94658265406713,0.12756840399379143,0.0025513680798758286,0,1.0
urllib3,DELETE,delete_data,374.36271586601225,0.13356030897557503,0.0026712061795115005,0,1.0
urllib3,UPDATE,update,1537.6141951051131,0.03251790999274817,0.0006503581998549635,0,1.0
requests,SELECT,select_simple,514.9213125151474,0.09710221500790794,0.001942044300158159,29174,1.0
requests,SELECT,select_filter,664.393687262319,0.07525658500162535,0.001505131700032507,18520,1.0
requests,SELECT,select_optional,613.4643925883147,0.08150432299589738,0.0016300864599179477,12800,1.0
requests,ASK,ask,1549.3848454429265,0.03227087198320078,0.0006454174396640155,43,1.0
requests,CONSTRUCT,construct,711.7003305983143,0.07025428800625377,0.0014050857601250754,5387,1.0
requests,INSERT,insert_data,332.5845789707621,0.15033769802175811,0.0030067539604351624,0,1.0
requests,DELETE,delete_data,342.3633304932457,0.1460436780071177,0.002920873560142354,0,1.0
requests,UPDATE,update,853.2146130027528,0.058601903012458934,0.0011720380602491787,0,1.0
aiohttp,SELECT,select_simple,613.5923366333075,0.08148732801055303,0.0016297465602110605,29174,1.0
aiohttp,SELECT,select_filter,760.0426948718623,0.06578577800610219,0.0013157155601220439,18520,1.0
aiohttp,SELECT,select_optional,762.2791120532071,0.06559277200358338,0.0013118554400716675,12800,1.0
aiohttp,ASK,ask,2329.843493149841,0.02146066898785648,0.00042921337975712956,43,1.0
aiohttp,CONSTRUCT,construct,858.1212819986673,0.05826682200859068,0.0011653364401718136,5387,1.0
aiohttp,INSERT,insert_data,406.8520128245016,0.12289480799881858,0.0024578961599763718,0,1.0
aiohttp,DELETE,delete_data,422.8744315980805,0.11823840900251525,0.002364768180050305,0,1.0
aiohttp,UPDATE,update,1526.2897757817293,0.03275917901919456,0.0006551835803838913,0,1.0
httpx_async,SELECT,select_simple,502.3426750559248,0.09953365000183112,0.0019906730000366223,29174,1.0
httpx_async,SELECT,select_filter,628.3364192012266,0.07957520600757562,0.0015915041201515123,18520,1.0
httpx_async,SELECT,select_optional,546.236273045102,0.09153548101312481,0.0018307096202624961,12800,1.0
httpx_async,ASK,ask,1062.910438129701,0.04704065197438467,0.0009408130394876935,43,1.0
httpx_async,CONSTRUCT,construct,615.8133276878414,0.08119343598445994,0.0016238687196891987,5387,1.0
httpx_async,INSERT,insert_data,348.73267302960585,0.14337629900182947,0.0028675259800365893,0,1.0
httpx_async,DELETE,delete_data,336.8403988122872,0.1484382519920473,0.002968765039840946,0,1.0
httpx_async,UPDATE,update,913.8897273656038,0.05471119600406382,0.0010942239200812764,0,1.0
pycurl,SELECT,select_simple,5672.268784414658,0.008814815006189747,0.00017629630012379492,122,1.0
pycurl,SELECT,select_filter,5152.725223152361,0.009703603012894746,0.00019407206025789491,191,1.0
pycurl,SELECT,select_optional,5272.642536882956,0.009482911016675644,0.00018965822033351287,191,1.0
pycurl,ASK,ask,5921.205098834892,0.008444227005384164,0.00016888454010768327,119,1.0
pycurl,CONSTRUCT,construct,5270.137220712777,0.009487418999924557,0.00018974837999849114,277,1.0
pycurl,INSERT,insert_data,464.7843927541751,0.10757676199864363,0.0021515352399728727,0,1.0
pycurl,DELETE,delete_data,440.4674618392595,0.11351576298329746,0.002270315259665949,0,1.0
pycurl,UPDATE,update,1962.5374369378883,0.025477220999164274,0.0005095444199832855,0,1.0
urllib3,SELECT,select_simple,617.4959346154365,0.08097219300907454,0.0016194438601814908,29174,1.0
urllib3,SELECT,select_filter,734.7641473908715,0.06804904700038605,0.001360980940007721,18520,1.0
urllib3,SELECT,select_optional,736.0494019675417,0.0679302229800669,0.0013586044596013381,12800,1.0
urllib3,ASK,ask,2551.432802492088,0.01959683200402651,0.0003919366400805302,43,1.0
urllib3,CONSTRUCT,construct,843.5778553109053,0.059271351998177124,0.0011854270399635424,5387,1.0
urllib3,INSERT,insert_data,429.11389106933757,0.11651918299685349,0.00233038365993707,0,1.0
urllib3,DELETE,delete_data,422.3881321492544,0.11837453800035291,0.0023674907600070585,0,1.0
urllib3,UPDATE,update,1458.3480198845837,0.03428536900537438,0.0006857073801074875,0,1.0
requests,SELECT,select_simple,553.45878931511,0.0903409629863745,0.00180681925972749,29174,1.0
requests,SELECT,select_filter,668.9959857348576,0.07473886400839547,0.0014947772801679094,18520,1.0
requests,SELECT,select_optional,655.2453814246153,0.07630729100492317,0.0015261458200984635,12800,1.0
requests,ASK,ask,1472.596986518182,0.03395362102310173,0.0006790724204620346,43,1.0
requests,CONSTRUCT,construct,683.8815052531351,0.07311208099054056,0.0014622416198108112,5387,1.0
requests,INSERT,insert_data,351.7815208092618,0.1421336740058905,0.00284267348011781,0,1.0
requests,DELETE,delete_data,343.4183063926,0.14559503401324037,0.0029119006802648074,0,1.0
requests,UPDATE,update,1045.1622988447625,0.047839460010436596,0.000956789200208732,0,1.0
httpx_sync,SELECT,select_simple,589.0475699774382,0.084882787992683,0.0016976557598536602,29174,1.0
httpx_sync,SELECT,select_filter,714.7886192160149,0.06995074999213102,0.0013990149998426204,18520,1.0
httpx_sync,SELECT,select_optional,652.9832119072087,0.07657164700140129,0.0015314329400280258,12800,1.0
httpx_sync,ASK,ask,1889.1668148305316,0.026466693998372648,0.000529333879967453,43,1.0
httpx_sync,CONSTRUCT,construct,754.0418604214378,0.06630931600011536,0.0013261863200023072,5387,1.0
httpx_sync,INSERT,insert_data,402.92306827697917,0.12409316799312364,0.0024818633598624727,0,1.0
httpx_sync,DELETE,delete_data,383.980685229306,0.13021488299636985,0.0026042976599273972,0,1.0
httpx_sync,UPDATE,update,1239.4957383210192,0.04033898500347277,0.0008067797000694554,0,1.0
httpx_async,SELECT,select_simple,509.72992870638257,0.09809116001270013,0.0019618232002540027,29174,1.0
httpx_async,SELECT,select_filter,572.2784475271072,0.08737005598595715,0.001747401119719143,18520,1.0
httpx_async,SELECT,select_optional,575.3839712835476,0.08689849299844354,0.0017379698599688709,12800,1.0
httpx_async,ASK,ask,900.6985926002335,0.05551246600225568,0.0011102493200451135,43,1.0
httpx_async,CONSTRUCT,construct,544.304485567173,0.09186034898812068,0.0018372069797624136,5387,1.0
httpx_async,INSERT,insert_data,347.08878829359185,0.1440553589927731,0.002881107179855462,0,1.0
httpx_async,DELETE,delete_data,332.51061124215306,0.15037114097867743,0.003007422819573549,0,1.0
httpx_async,UPDATE,update,804.9550586338403,0.062115269000059925,0.0012423053800011984,0,1.0
aiohttp,SELECT,select_simple,560.7394673232169,0.0891679699998349,0.0017833593999966979,29174,1.0
aiohttp,SELECT,select_filter,748.5105799860523,0.06679932299812208,0.0013359864599624416,18520,1.0
aiohttp,SELECT,select_optional,767.0877383097716,0.06518159201732487,0.0013036318403464974,12800,1.0
aiohttp,ASK,ask,2519.4369514368555,0.019845704006002052,0.00039691408012004103,43,1.0
aiohttp,CONSTRUCT,construct,871.6698528165355,0.05736116700427374,0.0011472233400854747,5387,1.0
aiohttp,INSERT,insert_data,409.28395832389737,0.12216457298927708,0.0024432914597855415,0,1.0
aiohttp,DELETE,delete_data,405.2253353618446,0.12338813898531953,0.0024677627797063907,0,1.0
aiohttp,UPDATE,update,1736.3204348205575,0.028796527989470633,0.0005759305597894126,0,1.0
httpx_sync,SELECT,select_simple,606.4686749779183,0.08244448899495183,0.0016488897798990366,29174,1.0
httpx_sync,SELECT,select_filter,771.3412181808033,0.06482215499636368,0.0012964430999272735,18520,1.0
httpx_sync,SELECT,select_optional,744.326320669854,0.06717483798638568,0.0013434967597277137,12800,1.0
httpx_sync,ASK,ask,2169.0393988679953,0.023051679017953575,0.00046103358035907147,43,1.0
httpx_sync,CONSTRUCT,construct,776.4053640908543,0.06439934899026412,0.0012879869798052823,5387,1.0
httpx_sync,INSERT,insert_data,401.58151153870585,0.1245077239946113,0.002490154479892226,0,1.0
httpx_sync,DELETE,delete_data,387.0732521111701,0.1291745160051505,0.00258349032010301,0,1.0
httpx_sync,UPDATE,update,1257.2511649491082,0.039769300990883494,0.0007953860198176699,0,1.0
urllib3,SELECT,select_simple,632.3936860124226,0.07906467301290832,0.0015812934602581663,29174,1.0
urllib3,SELECT,select_filter,795.2742386352784,0.06287139400592423,0.0012574278801184846,18520,1.0
urllib3,SELECT,select_optional,756.712910070293,0.0660752569892793,0.0013215051397855858,12800,1.0
urllib3,ASK,ask,1896.4901744266433,0.02636449198325863,0.0005272898396651726,43,1.0
urllib3,CONSTRUCT,construct,808.8623228413334,0.0618152169881796,0.001236304339763592,5387,1.0
urllib3,INSERT,insert_data,403.38471720142536,0.12395115101753618,0.0024790230203507236,0,1.0
urllib3,DELETE,delete_data,367.9970185781233,0.13587066599939135,0.002717413319987827,0,1.0
urllib3,UPDATE,update,1268.5376478960795,0.039415464005287504,0.0007883092801057501,0,1.0
pycurl,SELECT,select_simple,5116.488629208187,0.009772327004611725,0.0001954465400922345,122,1.0
pycurl,SELECT,select_filter,4159.472861390298,0.012020753991237143,0.00024041507982474285,191,1.0
pycurl,SELECT,select_optional,4886.081980616682,0.01023314799022046,0.0002046629598044092,191,1.0
pycurl,ASK,ask,7043.994679636047,0.007098244997905567,0.00014196489995811135,119,1.0
pycurl,CONSTRUCT,construct,3145.9672847601882,0.015893362986389548,0.000317867259727791,277,1.0
pycurl,INSERT,insert_data,418.7983502404247,0.11938920000829967,0.0023877840001659935,0,1.0
pycurl,DELETE,delete_data,434.03063367326774,0.11519924199092202,0.0023039848398184403,0,1.0
pycurl,UPDATE,update,1953.4084732386416,0.025596284998755436,0.0005119256999751087,0,1.0
requests,SELECT,select_simple,529.8595515076873,0.09436462899975595,0.001887292579995119,29174,1.0
requests,SELECT,select_filter,657.4170801416583,0.07605521899313317,0.0015211043798626634,18520,1.0
requests,SELECT,select_optional,646.2966959960913,0.07736384900272242,0.0015472769800544484,12800,1.0
requests,ASK,ask,1614.5570523341999,0.030968246013799217,0.0006193649202759843,43,1.0
requests,CONSTRUCT,construct,709.4057424748798,0.07048152701099752,0.0014096305402199504,5387,1.0
requests,INSERT,insert_data,381.9252267393292,0.13091567798983306,0.002618313559796661,0,1.0
requests,DELETE,delete_data,360.7169436522106,0.1386128400117741,0.002772256800235482,0,1.0
requests,UPDATE,update,963.2597140163538,0.05190708100053598,0.0010381416200107197,0,1.0
aiohttp,SELECT,select_simple,565.6705624281582,0.08839066997825284,0.0017678133995650568,29174,1.0
aiohttp,SELECT,select_filter,766.4121176892774,0.06523905200083391,0.0013047810400166782,18520,1.0
aiohttp,SELECT,select_optional,659.0496432087517,0.07586681901011616,0.0015173363802023232,12800,1.0
aiohttp,ASK,ask,1959.399517640495,0.025518022001051577,0.0005103604400210315,43,1.0
aiohttp,CONSTRUCT,construct,843.0827281322566,0.05930616098703467,0.0011861232197406934,5387,1.0
aiohttp,INSERT,insert_data,425.5121385665547,0.11750546099210624,0.002350109219842125,0,1.0
aiohttp,DELETE,delete_data,397.829651424867,0.12568193401602912,0.0025136386803205823,0,1.0
aiohttp,UPDATE,update,1532.025805282457,0.0326365259825252,0.000652730519650504,0,1.0
httpx_async,SELECT,select_simple,414.39065361171185,0.12065909200464375,0.002413181840092875,29174,1.0
httpx_async,SELECT,select_filter,482.6976589839593,0.10358450899730087,0.0020716901799460175,18520,1.0
httpx_async,SELECT,select_optional,541.3000869363232,0.09237020500586368,0.0018474041001172736,12800,1.0
httpx_async,ASK,ask,1082.2746490597349,0.04619899398312555,0.0009239798796625109,43,1.0
httpx_async,CONSTRUCT,construct,580.4585762857653,0.08613879102267674,0.001722775820453535,5387,1.0
httpx_async,INSERT,insert_data,339.64583228130476,0.1472121699953277,0.002944243399906554,0,1.0
httpx_async,DELETE,delete_data,357.874872329234,0.13971363698874484,0.0027942727397748967,0,1.0
httpx_async,UPDATE,update,903.6081923560782,0.05533371700585121,0.0011066743401170242,0,1.0
requests,SELECT,select_simple,520.713401124254,0.09602211099627311,0.0019204422199254622,29174,1.0
requests,SELECT,select_filter,674.1857707208195,0.07416353499502293,0.0014832706999004586,18520,1.0
requests,SELECT,select_optional,584.8863038903844,0.08548670000891434,0.0017097340001782867,12800,1.0
requests,ASK,ask,1214.6656492728596,0.041163591009535594,0.0008232718201907119,43,1.0
requests,CONSTRUCT,construct,711.3321311492426,0.07029065300230286,0.0014058130600460572,5387,1.0
requests,INSERT,insert_data,387.12609680102616,0.12915688302382478,0.0025831376604764957,0,1.0
requests,DELETE,delete_data,376.4011419303716,0.1328370040100708,0.002656740080201416,0,1.0
requests,UPDATE,update,1142.251710438159,0.04377318899423699,0.0008754637798847397,0,1.0
httpx_sync,SELECT,select_simple,604.0463055981602,0.08277511100823176,0.0016555022201646353,29174,1.0
httpx_sync,SELECT,select_filter,776.110258495743,0.06442383598550805,0.001288476719710161,18520,1.0
httpx_sync,SELECT,select_optional,672.5523969277705,0.0743436499942618,0.001486872999885236,12800,1.0
httpx_sync,ASK,ask,2153.4294352438565,0.023218778002046747,0.00046437556004093496,43,1.0
httpx_sync,CONSTRUCT,construct,737.1079016591716,0.06783267400533077,0.0013566534801066155,5387,1.0
httpx_sync,INSERT,insert_data,395.9347792785737,0.12628342499010614,0.002525668499802123,0,1.0
httpx_sync,DELETE,delete_data,393.0680901940641,0.12720442398494924,0.002544088479698985,0,1.0
httpx_sync,UPDATE,update,1362.3266229117012,0.036701917997561395,0.0007340383599512279,0,1.0
urllib3,SELECT,select_simple,635.2575593467174,0.07870823300618213,0.0015741646601236425,29174,1.0
urllib3,SELECT,select_filter,841.2402341905413,0.05943605401625973,0.0011887210803251946,18520,1.0
urllib3,SELECT,select_optional,786.2557464604396,0.0635925399910775,0.00127185079982155,12800,1.0
urllib3,ASK,ask,2262.507321715215,0.02209937599764089,0.0004419875199528178,43,1.0
urllib3,CONSTRUCT,construct,792.7920113418118,0.06306824398416211,0.0012613648796832421,5387,1.0
urllib3,INSERT,insert_data,431.1254873899376,0.1159755140033667,0.002319510280067334,0,1.0
urllib3,DELETE,delete_data,400.7617390261688,0.12476240901014535,0.002495248180202907,0,1.0
urllib3,UPDATE,update,1500.05073189686,0.03333220599597553,0.0006666441199195106,0,1.0
pycurl,SELECT,select_simple,5846.99786182628,0.008551397004339378,0.00017102794008678758,122,1.0
pycurl,SELECT,select_filter,4804.269730198117,0.010407408994069556,0.00020814817988139113,191,1.0
pycurl,SELECT,select_optional,3356.207000115585,0.014897770011884859,0.0002979554002376972,191,1.0
pycurl,ASK,ask,3105.7775637229533,0.016099028012831695,0.0003219805602566339,119,1.0
pycurl,CONSTRUCT,construct,3426.6381752564,0.014591561011911836,0.0002918312202382367,277,1.0
pycurl,INSERT,insert_data,444.30692651279264,0.1125348200002918,0.002250696400005836,0,1.0
pycurl,DELETE,delete_data,459.99066099727673,0.10869785897739348,0.0021739571795478694,0,1.0
pycurl,UPDATE,update,1961.989514303025,0.025484335994406138,0.0005096867198881227,0,1.0
httpx_async,SELECT,select_simple,463.61367058880916,0.10784841598069761,0.002156968319613952,29174,1.0
httpx_async,SELECT,select_filter,530.8331630181711,0.09419155298382975,0.0018838310596765951,18520,1.0
httpx_async,SELECT,select_optional,507.19407111649167,0.09858159400391742,0.0019716318800783485,12800,1.0
httpx_async,ASK,ask,743.61228509255,0.06723934098772588,0.0013447868197545177,43,1.0
httpx_async,CONSTRUCT,construct,566.4548325180813,0.08826829100871691,0.0017653658201743382,5387,1.0
httpx_async,INSERT,insert_data,320.04969832152125,0.15622573700966313,0.0031245147401932627,0,1.0
httpx_async,DELETE,delete_data,327.9140573067632,0.15247897699373425,0.003049579539874685,0,1.0
httpx_async,UPDATE,update,829.0729212013039,0.06030832598844427,0.0012061665197688853,0,1.0
aiohttp,SELECT,select_simple,636.3913900158345,0.0785680019944266,0.0015713600398885319,29174,1.0
aiohttp,SELECT,select_filter,705.6819393704768,0.07085344998995424,0.001417068999799085,18520,1.0
aiohttp,SELECT,select_optional,722.6966124086337,0.06918532499184948,0.0013837064998369897,12800,1.0
aiohttp,ASK,ask,2208.798519226397,0.022636740999587346,0.0004527348199917469,43,1.0
aiohttp,CONSTRUCT,construct,806.2912779453691,0.062012329002754996,0.0012402465800550998,5387,1.0
aiohttp,INSERT,insert_data,411.2030122088882,0.12159444001008524,0.002431888800201705,0,1.0
aiohttp,DELETE,delete_data,419.01221324133024,0.1193282639978861,0.002386565279957722,0,1.0
aiohttp,UPDATE,update,1431.1066541823318,0.03493799700663658,0.0006987599401327316,0,1.0
urllib3,SELECT,select_simple,528.9183405186762,0.09453255100015667,0.0018906510200031334,29174,1.0
urllib3,SELECT,select_filter,713.9033475995776,0.0700374920052127,0.001400749840104254,18520,1.0
urllib3,SELECT,select_optional,688.9640985762727,0.07257272200877196,0.0014514544401754393,12800,1.0
urllib3,ASK,ask,1935.3290441157571,0.025835400007053977,0.0005167080001410796,43,1.0
urllib3,CONSTRUCT,construct,650.5531165722172,0.07685767499424401,0.00153715349988488,5387,1.0
urllib3,INSERT,insert_data,386.85654577298914,0.1292468759966141,0.002584937519932282,0,1.0
urllib3,DELETE,delete_data,367.0876819942119,0.13620723999338225,0.0027241447998676447,0,1.0
urllib3,UPDATE,update,1422.6511670893424,0.03514565000659786,0.0007029130001319573,0,1.0
requests,SELECT,select_simple,486.12381920462144,0.10285445399858872,0.0020570890799717747,29174,1.0
requests,SELECT,select_filter,626.8225963950861,0.07976738599973032,0.0015953477199946065,18520,1.0
requests,SELECT,select_optional,563.7655926092244,0.08868934297424858,0.0017737868594849715,12800,1.0
requests,ASK,ask,1248.0262153433189,0.04006326099988655,0.0008012652199977311,43,1.0
requests,CONSTRUCT,construct,611.143355719014,0.08181386499927612,0.0016362772999855223,5387,1.0
requests,INSERT,insert_data,332.56729342755625,0.15034551198550616,0.003006910239710123,0,1.0
requests,DELETE,delete_data,336.77918838984556,0.1484652309991361,0.002969304619982722,0,1.0
requests,UPDATE,update,963.1669729833222,0.051912079008616274,0.0010382415801723254,0,1.0
pycurl,SELECT,select_simple,5823.216470075658,0.008586319992900826,0.00017172639985801652,122,1.0
pycurl,SELECT,select_filter,4497.435425808051,0.011117447003925918,0.00022234894007851835,191,1.0
pycurl,SELECT,select_optional,5524.366821547554,0.009050811000633985,0.0001810162200126797,191,1.0
pycurl,ASK,ask,4442.066263398467,0.011256022993620718,0.00022512045987241436,119,1.0
pycurl,CONSTRUCT,construct,5656.35622664069,0.008839612994052004,0.00017679225988104008,277,1.0
pycurl,INSERT,insert_data,451.6651245064559,0.11070148498765775,0.002214029699753155,0,1.0
pycurl,DELETE,delete_data,445.2626194734699,0.11229327999535599,0.0022458655999071197,0,1.0
pycurl,UPDATE,update,1901.9745132865653,0.026288470035069622,0.0005257694007013925,0,1.0
httpx_sync,SELECT,select_simple,567.3728024973999,0.0881254790147068,0.0017625095802941359,29174,1.0
httpx_sync,SELECT,select_filter,770.005228613981,0.06493462400248973,0.0012986924800497946,18520,1.0
httpx_sync,SELECT,select_optional,729.5025539795184,0.06853985599809675,0.0013707971199619351,12800,1.0
httpx_sync,ASK,ask,1170.4933875516756,0.04271702901678509,0.0008543405803357018,43,1.0
httpx_sync,CONSTRUCT,construct,741.9328676283475,0.0673915419865807,0.001347830839731614,5387,1.0
httpx_sync,INSERT,insert_data,417.00344560959337,0.11990308599706623,0.0023980617199413244,0,1.0
httpx_sync,DELETE,delete_data,359.9164892640849,0.1389211150126357,0.002778422300252714,0,1.0
httpx_sync,UPDATE,update,1060.1517151445003,0.04716306098998757,0.0009432612197997515,0,1.0
aiohttp,SELECT,select_simple,598.5406858838105,0.08353651001380058,0.0016707302002760115,29174,1.0
aiohttp,SELECT,select_filter,824.1356229039037,0.060669625981972786,0.0012133925196394558,18520,1.0
aiohttp,SELECT,select_optional,732.8161750987359,0.06822993500827579,0.0013645987001655157,12800,1.0
aiohttp,ASK,ask,2968.6989294373047,0.01684239499809337,0.0003368478999618674,43,1.0
aiohttp,CONSTRUCT,construct,790.0513944704426,0.0632870220215409,0.0012657404404308181,5387,1.0
aiohttp,INSERT,insert_data,380.68563996400735,0.13134196499959216,0.002626839299991843,0,1.0
aiohttp,DELETE,delete_data,385.8642937356133,0.1295792350101692,0.002591584700203384,0,1.0
aiohttp,UPDATE,update,1411.7495457152536,0.03541704699091497,0.0007083409398182994,0,1.0
httpx_async,SELECT,select_simple,447.01162219484576,0.1118539150156721,0.002237078300313442,29174,1.0
httpx_async,SELECT,select_filter,540.1497232162747,0.0925669270036451,0.001851338540072902,18520,1.0
httpx_async,SELECT,select_optional,513.9719945803371,0.09728156500204932,0.0019456313000409864,12800,1.0
httpx_async,ASK,ask,1173.6859700547006,0.042600832995958626,0.0008520166599191725,43,1.0
httpx_async,CONSTRUCT,construct,623.9179702127598,0.08013874000607757,0.0016027748001215514,5387,1.0
httpx_async,INSERT,insert_data,314.36367162288553,0.15905145700162393,0.003181029140032479,0,1.0
httpx_async,DELETE,delete_data,320.9629401533994,0.15578122501028702,0.0031156245002057405,0,1.0
httpx_async,UPDATE,update,853.985638100508,0.0585489939985564,0.001170979879971128,0,1.0
pycurl,SELECT,select_simple,4499.473192337597,0.011112412023067009,0.00022224824046134016,122,1.0
pycurl,SELECT,select_filter,2876.806072971136,0.017380386001605075,0.0003476077200321015,191,1.0
pycurl,SELECT,select_optional,4912.447908595839,0.010178224976698402,0.00020356449953396805,191,1.0
pycurl,ASK,ask,6705.921336497333,0.007456097006070195,0.0001491219401214039,119,1.0
pycurl,CONSTRUCT,construct,3669.0230100443086,0.013627606003865367,0.0002725521200773073,277,1.0
pycurl,INSERT,insert_data,403.8496499502501,0.12380845199731993,0.002476169039946399,0,1.0
pycurl,DELETE,delete_data,447.4913233562033,0.11173401000269223,0.0022346802000538448,0,1.0
pycurl,UPDATE,update,1961.5099946334483,0.02549056601128541,0.0005098113202257081,0,1.0
urllib3,SELECT,select_simple,559.045490196084,0.08943816000100924,0.0017887632000201847,29174,1.0
urllib3,SELECT,select_filter,732.9694833771185,0.06821566399958101,0.0013643132799916202,18520,1.0
urllib3,SELECT,select_optional,780.2587299731784,0.06408130800627987,0.0012816261601255974,12800,1.0
urllib3,ASK,ask,2171.1097641892625,0.023029696989397053,0.00046059393978794107,43,1.0
urllib3,CONSTRUCT,construct,834.338948214758,0.05992768299620366,0.001198553659924073,5387,1.0
urllib3,INSERT,insert_data,412.89317736533775,0.12109669701749226,0.002421933940349845,0,1.0
urllib3,DELETE,delete_data,298.53438246243905,0.1674848960028612,0.003349697920057224,0,1.0
urllib3,UPDATE,update,1349.9510510396256,0.037038379992736736,0.0007407675998547347,0,1.0
httpx_sync,SELECT,select_simple,503.6419558535304,0.09927687600065838,0.0019855375200131674,29174,1.0
httpx_sync,SELECT,select_filter,737.1287010294014,0.06783075998828281,0.001356615199765656,18520,1.0
httpx_sync,SELECT,select_optional,702.2888350852536,0.07119577800767729,0.0014239155601535457,12800,1.0
httpx_sync,ASK,ask,2200.775517244319,0.02271926400862867,0.0004543852801725734,43,1.0
httpx_sync,CONSTRUCT,construct,781.3583035196348,0.06399112900544424,0.0012798225801088847,5387,1.0
httpx_sync,INSERT,insert_data,403.4752777825986,0.1239233300111664,0.002478466600223328,0,1.0
httpx_sync,DELETE,delete_data,365.6246303844262,0.1367522749969794,0.0027350454999395877,0,1.0
httpx_sync,UPDATE,update,1108.902645189492,0.04508962100226199,0.0009017924200452398,0,1.0
requests,SELECT,select_simple,498.71456817021345,0.1002577490035037,0.002005154980070074,29174,1.0
requests,SELECT,select_filter,698.8470936471555,0.0715464090135356,0.001430928180270712,18520,1.0
requests,SELECT,select_optional,662.5343340599928,0.0754677869954321,0.0015093557399086422,12800,1.0
requests,ASK,ask,1184.429115849919,0.042214429999148706,0.0008442885999829741,43,1.0
requests,CONSTRUCT,construct,619.5448227281498,0.0807044109897106,0.001614088219794212,5387,1.0
requests,INSERT,insert_data,345.5030470234721,0.14471652400970925,0.002894330480194185,0,1.0
requests,DELETE,delete_data,330.4576293819959,0.15130532798866625,0.003026106559773325,0,1.0
requests,UPDATE,update,925.4783028670817,0.05402611800309387,0.0010805223600618774,0,1.0
aiohttp,SELECT,select_simple,572.7774262100575,0.08729394300826243,0.0017458788601652487,29174,1.0
aiohttp,SELECT,select_filter,818.3843963772198,0.061095984015992144,0.001221919680319843,18520,1.0
aiohttp,SELECT,select_optional,830.6687830443161,0.060192463013663655,0.001203849260273273,12800,1.0
aiohttp,ASK,ask,2853.6086222615463,0.017521673998999177,0.00035043347997998353,43,1.0
aiohttp,CONSTRUCT,construct,867.5160240222339,0.057635822988231666,0.0011527164597646333,5387,1.0
aiohttp,INSERT,insert_data,432.50109393478783,0.11560664400894893,0.0023121328801789785,0,1.0
aiohttp,DELETE,delete_data,419.65235329465594,0.11914623999473406,0.002382924799894681,0,1.0
aiohttp,UPDATE,update,1484.5980817028776,0.03367914900081814,0.0006735829800163628,0,1.0
httpx_async,SELECT,select_simple,405.0282868862803,0.12344816798940883,0.0024689633597881765,29174,1.0
httpx_async,SELECT,select_filter,587.3567949794069,0.08512713299205643,0.0017025426598411286,18520,1.0
httpx_async,SELECT,select_optional,565.6479660225948,0.08839420099320705,0.001767884019864141,12800,1.0
httpx_async,ASK,ask,1277.5962384228364,0.039135995000833645,0.0007827199000166729,43,1.0
httpx_async,CONSTRUCT,construct,626.5035066318757,0.07980801299709128,0.0015961602599418256,5387,1.0
httpx_async,INSERT,insert_data,334.33844836838597,0.14954905798003892,0.0029909811596007785,0,1.0
httpx_async,DELETE,delete_data,306.11994377339926,0.16333467001095414,0.003266693400219083,0,1.0
httpx_async,UPDATE,update,765.0006801786722,0.06535941901165643,0.0013071883802331285,0,1.0
pycurl,SELECT,select_simple,5550.018489851326,0.009008978995552752,0.00018017957991105503,122,1.0
pycurl,SELECT,select_filter,5432.755357218929,0.009203433011862217,0.00018406866023724434,191,1.0
pycurl,SELECT,select_optional,3282.5397512016784,0.015232107998599531,0.0003046421599719906,191,1.0
pycurl,ASK,ask,5163.337540755396,0.009683658990979893,0.00019367317981959785,119,1.0
pycurl,CONSTRUCT,construct,6999.134903190543,0.007143740003812127,0.00014287480007624254,277,1.0
pycurl,INSERT,insert_data,442.33425839571106,0.11303668899927288,0.0022607337799854577,0,1.0
pycurl,DELETE,delete_data,444.78818074867866,0.11241305898874998,0.0022482611797749997,0,1.0
pycurl,UPDATE,update,1961.256245882408,0.025493863999145105,0.0005098772799829021,0,1.0
urllib3,SELECT,select_simple,628.7156781255447,0.07952720401226543,0.0015905440802453086,29174,1.0
urllib3,SELECT,select_filter,848.0503280661798,0.05895876499926089,0.0011791752999852178,18520,1.0
urllib3,SELECT,select_optional,717.2844036268664,0.06970735700815567,0.0013941471401631134,12800,1.0
urllib3,ASK,ask,2507.9583791619807,0.019936534998123534,0.00039873069996247066,43,1.0
urllib3,CONSTRUCT,construct,729.0286843248817,0.06858440699943458,0.0013716881399886915,5387,1.0
urllib3,INSERT,insert_data,357.89498110109497,0.13970578700536862,0.0027941157401073723,0,1.0
urllib3,DELETE,delete_data,369.9789353874537,0.1351428290035983,0.002702856580071966,0,1.0
urllib3,UPDATE,update,1356.4717026332842,0.03686033398480504,0.0007372066796961007,0,1.0
httpx_sync,SELECT,select_simple,529.8167236093145,0.09437225699366536,0.0018874451398733071,29174,1.0
httpx_sync,SELECT,select_filter,696.6581435060632,0.0717712129917345,0.00143542425983469,18520,1.0
httpx_sync,SELECT,select_optional,605.7651394407154,0.08254024001143989,0.0016508048002287978,12800,1.0
httpx_sync,ASK,ask,1553.7058796525148,0.032181122987822164,0.0006436224597564433,43,1.0
httpx_sync,CONSTRUCT,construct,678.1188094480846,0.07373339200057671,0.0014746678400115343,5387,1.0
httpx_sync,INSERT,insert_data,386.50762787480056,0.12936355299098068,0.0025872710598196136,0,1.0
httpx_sync,DELETE,delete_data,353.6900440085207,0.14136671599044348,0.0028273343198088694,0,1.0
httpx_sync,UPDATE,update,1032.6184760117974,0.048420594015624374,0.0009684118803124875,0,1.0
requests,SELECT,select_simple,447.69884099306034,0.11168221898697084,0.002233644379739417,29174,1.0
requests,SELECT,select_filter,633.8260354171974,0.078885999006161,0.00157771998012322,18520,1.0
requests,SELECT,select_optional,631.4395069800623,0.07918414899177151,0.0015836829798354301,12800,1.0
requests,ASK,ask,1454.2104051180436,0.03438291998463683,0.0006876583996927365,43,1.0
requests,CONSTRUCT,construct,648.7602941460524,0.07707006802229444,0.0015414013604458888,5387,1.0
requests,INSERT,insert_data,338.58268085391256,0.14767441699586925,0.002953488339917385,0,1.0
requests,DELETE,delete_data,335.79203845145486,0.1489016840023396,0.002978033680046792,0,1.0
requests,UPDATE,update,976.2375197913998,0.05121704399425653,0.0010243408798851306,0,1.0
aiohttp,SELECT,select_simple,570.5633170892214,0.08763269299379317,0.0017526538598758635,29174,1.0
aiohttp,SELECT,select_filter,833.4157303632869,0.05999406800037832,0.0011998813600075664,18520,1.0
aiohttp,SELECT,select_optional,644.2389397035545,0.07761095599562395,0.0015522191199124791,12800,1.0
aiohttp,ASK,ask,1964.6531403413442,0.025449784989177715,0.0005089956997835543,43,1.0
aiohttp,CONSTRUCT,construct,773.4421139298084,0.06464607900124975,0.0012929215800249949,5387,1.0
aiohttp,INSERT,insert_data,395.09010154859675,0.12655341099161888,0.0025310682198323776,0,1.0
aiohttp,DELETE,delete_data,367.10295283953576,0.13620157400873723,0.0027240314801747446,0,1.0
aiohttp,UPDATE,update,1300.1579822982517,0.03845686499698786,0.0007691372999397572,0,1.0
httpx_async,SELECT,select_simple,353.7708648817309,0.14133441999729257,0.0028266883999458516,29174,1.0
httpx_async,SELECT,select_filter,492.6352701963842,0.10149496600206476,0.002029899320041295,18520,1.0
httpx_async,SELECT,select_optional,509.29806630388146,0.09817433701027767,0.0019634867402055535,12800,1.0
httpx_async,ASK,ask,985.1973703567878,0.05075125198709429,0.001015025039741886,43,1.0
httpx_async,CONSTRUCT,construct,477.2832958289744,0.10475958500319393,0.0020951917000638785,5387,1.0
httpx_async,INSERT,insert_data,303.60005910691945,0.1646903500186454,0.003293807000372908,0,1.0
httpx_async,DELETE,delete_data,313.9498399856179,0.1592611099986243,0.003185222199972486,0,1.0
httpx_async,UPDATE,update,763.7680998830899,0.06546489701213432,0.0013092979402426863,0,1.0
requests,SELECT,select_simple,455.41250615712397,0.1097905729948252,0.002195811459896504,29174,1.0
requests,SELECT,select_filter,513.6694002880162,0.09733887199035962,0.0019467774398071924,18520,1.0
requests,SELECT,select_optional,526.4997484719854,0.09496680700249271,0.0018993361400498543,12800,1.0
requests,ASK,ask,1258.6424684914389,0.039725340000586584,0.0007945068000117317,43,1.0
requests,CONSTRUCT,construct,677.5781502592816,0.07379222600502544,0.001475844520100509,5387,1.0
requests,INSERT,insert_data,344.00009990135317,0.14534879499842646,0.002906975899968529,0,1.0
requests,DELETE,delete_data,338.9041493708918,0.14753433999794652,0.0029506867999589304,0,1.0
requests,UPDATE,update,1025.966493604068,0.048734535008406965,0.0009746907001681393,0,1.0
pycurl,SELECT,select_simple,4420.007109216207,0.011312198999803513,0.00022624397999607026,122,1.0
pycurl,SELECT,select_filter,5056.36532989771,0.009888525994028896,0.00019777051988057793,191,1.0
pycurl,SELECT,select_optional,6743.326604931398,0.007414737996441545,0.0001482947599288309,191,1.0
pycurl,ASK,ask,4728.49904371279,0.010574179996183375,0.0002114835999236675,119,1.0
pycurl,CONSTRUCT,construct,3359.7117736861437,0.01488222900297842,0.0002976445800595684,277,1.0
pycurl,INSERT,insert_data,415.7329408134911,0.12026951701773214,0.0024053903403546428,0,1.0
pycurl,DELETE,delete_data,413.60341295474257,0.12088875099652796,0.0024177750199305594,0,1.0
pycurl,UPDATE,update,1916.2720939848225,0.02609232799295569,0.0005218465598591138,0,1.0
httpx_sync,SELECT,select_simple,559.7136683889256,0.08933139000146184,0.001786627800029237,29174,1.0
httpx_sync,SELECT,select_filter,706.6941633429328,0.07075196399455308,0.0014150392798910616,18520,1.0
httpx_sync,SELECT,select_optional,700.2554952324031,0.07140250999873388,0.0014280501999746776,12800,1.0
httpx_sync,ASK,ask,1986.8513362709589,0.025165445993479807,0.0005033089198695961,43,1.0
httpx_sync,CONSTRUCT,construct,697.2620903877041,0.07170904698432423,0.0014341809396864846,5387,1.0
httpx_sync,INSERT,insert_data,384.3225840135895,0.1300990420022572,0.002601980840045144,0,1.0
httpx_sync,DELETE,delete_data,359.5438472898503,0.13906509700245806,0.0027813019400491613,0,1.0
httpx_sync,UPDATE,update,1039.640774714307,0.04809353501332225,0.0009618707002664451,0,1.0
urllib3,SELECT,select_simple,519.4273192858826,0.09625985800812487,0.0019251971601624972,29174,1.0
urllib3,SELECT,select_filter,794.271624028995,0.06295075700472808,0.0012590151400945614,18520,1.0
urllib3,SELECT,select_optional,703.4746358413836,0.07107576798443915,0.001421515359688783,12800,1.0
urllib3,ASK,ask,2428.833125907243,0.020586016991728684,0.0004117203398345737,43,1.0
urllib3,CONSTRUCT,construct,801.0102854587562,0.062421170998277375,0.0012484234199655476,5387,1.0
urllib3,INSERT,insert_data,405.60644474019074,0.12327220301449415,0.002465444060289883,0,1.0
urllib3,DELETE,delete_data,384.5613744337691,0.13001825800529332,0.0026003651601058664,0,1.0
urllib3,UPDATE,update,1466.9820484912923,0.03408357999433065,0.0006816715998866129,0,1.0
aiohttp,SELECT,select_simple,614.3322661350624,0.08138918099575676,0.0016277836199151351,29174,1.0
aiohttp,SELECT,select_filter,792.4110854082909,0.06309856199732167,0.0012619712399464334,18520,1.0
aiohttp,SELECT,select_optional,780.5647129784527,0.06405618799908552,0.0012811237599817105,12800,1.0
aiohttp,ASK,ask,2123.6881870841653,0.023543946001154836,0.0004708789200230967,43,1.0
aiohttp,CONSTRUCT,construct,711.587607755298,0.07026541701270617,0.0014053083402541233,5387,1.0
aiohttp,INSERT,insert_data,410.7202318398575,0.12173736797922174,0.002434747359584435,0,1.0
aiohttp,DELETE,delete_data,419.3077077341852,0.11924417099362472,0.0023848834198724944,0,1.0
aiohttp,UPDATE,update,1390.7937352879947,0.03595069400398643,0.0007190138800797285,0,1.0
httpx_async,SELECT,select_simple,461.0171164111278,0.1084558430047764,0.002169116860095528,29174,1.0
httpx_async,SELECT,select_filter,524.5712973161127,0.09531592798884958,0.0019063185597769916,18520,1.0
httpx_async,SELECT,select_optional,518.6956103943234,0.09639564900498954,0.0019279129800997908,12800,1.0
httpx_async,ASK,ask,935.0462105862965,0.05347329301366699,0.0010694658602733399,43,1.0
httpx_async,CONSTRUCT,construct,561.4448625906525,0.08905594000680139,0.001781118800136028,5387,1.0
httpx_async,INSERT,insert_data,318.9807111441567,0.15674929001397686,0.0031349858002795374,0,1.0
httpx_async,DELETE,delete_data,307.1178103040085,0.1628039739880478,0.003256079479760956,0,1.0
httpx_async,UPDATE,update,723.598823821969,0.06909906201326521,0.0013819812402653042,0,1.0
pycurl,SELECT,select_simple,3495.5421047446816,0.014303932981420076,0.00028607865962840154,122,1.0
pycurl,SELECT,select_filter,4364.645912306317,0.011455683004896855,0.0002291136600979371,191,1.0
pycurl,SELECT,select_optional,5866.007479470864,0.008523685006366577,0.00017047370012733155,191,1.0
pycurl,ASK,ask,4789.18440771729,0.010440191010275157,0.00020880382020550315,119,1.0
pycurl,CONSTRUCT,construct,4391.831472281641,0.011384772005840205,0.0002276954401168041,277,1.0
pycurl,INSERT,insert_data,428.00156759533087,0.11682200203358661,0.0023364400406717324,0,1.0
pycurl,DELETE,delete_data,447.5602595640813,0.11171679998733453,0.0022343359997466904,0,1.0
pycurl,UPDATE,update,1981.1397874843162,0.025237996993382694,0.0005047599398676539,0,1.0
requests,SELECT,select_simple,539.4070334100433,0.0926943790182122,0.001853887580364244,29174,1.0
requests,SELECT,select_filter,679.9993968205056,0.07352947698745993,0.0014705895397491987,18520,1.0
requests,SELECT,select_optional,665.1017885388093,0.07517646300402703,0.0015035292600805406,12800,1.0
requests,ASK,ask,1351.9516908365786,0.03698357000394026,0.0007396714000788052,43,1.0
requests,CONSTRUCT,construct,706.1328554984423,0.07080820501505514,0.0014161641003011026,5387,1.0
requests,INSERT,insert_data,383.2264246484014,0.13047117000314756,0.002609423400062951,0,1.0
requests,DELETE,delete_data,326.07216060638495,0.1533402910172299,0.003066805820344598,0,1.0
requests,UPDATE,update,852.4217993790129,0.05865640699994401,0.0011731281399988802,0,1.0
httpx_sync,SELECT,select_simple,525.5636635881958,0.09513595300450106,0.0019027190600900213,29174,1.0
httpx_sync,SELECT,select_filter,774.1985273277478,0.06458291799208382,0.0012916583598416764,18520,1.0
httpx_sync,SELECT,select_optional,630.9520227462647,0.07924532800825546,0.001584906560165109,12800,1.0
httpx_sync,ASK,ask,2100.2946126041197,0.023806183999113273,0.00047612367998226544,43,1.0
httpx_sync,CONSTRUCT,construct,713.3843734679004,0.07008844300435157,0.0014017688600870314,5387,1.0
httpx_sync,INSERT,insert_data,361.0997078187573,0.1384659109862696,0.0027693182197253917,0,1.0
httpx_sync,DELETE,delete_data,342.70322094189237,0.14589883299777284,0.0029179766599554567,0,1.0
httpx_sync,UPDATE,update,1152.7219392249954,0.04337559501436772,0.0008675119002873544,0,1.0
urllib3,SELECT,select_simple,559.0747196107362,0.08943348401589901,0.0017886696803179802,29174,1.0
urllib3,SELECT,select_filter,721.6467587006721,0.06928597599471686,0.0013857195198943373,18520,1.0
urllib3,SELECT,select_optional,707.9997287174119,0.07062149598641554,0.0014124299197283109,12800,1.0
urllib3,ASK,ask,2016.3385528487556,0.02479742299692589,0.0004959484599385178,43,1.0
urllib3,CONSTRUCT,construct,721.0490513866964,0.06934340999941924,0.0013868681999883847,5387,1.0
urllib3,INSERT,insert_data,380.59937607128154,0.13137173401628388,0.0026274346803256774,0,1.0
urllib3,DELETE,delete_data,374.6635202906503,0.13345307800773298,0.0026690615601546596,0,1.0
urllib3,UPDATE,update,1277.0425243231848,0.039152964014647296,0.0007830592802929459,0,1.0
aiohttp,SELECT,select_simple,489.7417228896536,0.10209463001228869,0.0020418926002457737,29174,1.0
aiohttp,SELECT,select_filter,672.6815700595182,0.0743293739942601,0.0014865874798852018,18520,1.0
aiohttp,SELECT,select_optional,712.947786343063,0.07013136299428879,0.001402627259885776,12800,1.0
aiohttp,ASK,ask,2400.1395522732178,0.02083212201250717,0.0004166424402501434,43,1.0
aiohttp,CONSTRUCT,construct,746.3778506821435,0.06699019799998496,0.0013398039599996992,5387,1.0
aiohttp,INSERT,insert_data,427.4170861007326,0.11698175301353331,0.002339635060270666,0,1.0
aiohttp,DELETE,delete_data,364.870743898819,0.13703482900746167,0.0027406965801492333,0,1.0
aiohttp,UPDATE,update,1345.724876107259,0.03715469698727247,0.0007430939397454494,0,1.0
httpx_async,SELECT,select_simple,396.38001673996445,0.12614157598363818,0.0025228315196727637,29174,1.0
httpx_async,SELECT,select_filter,516.2642388999109,0.09684962899336824,0.0019369925798673649,18520,1.0
httpx_async,SELECT,select_optional,505.75352798435074,0.09886238500257605,0.0019772477000515208,12800,1.0
httpx_async,ASK,ask,902.6900324713108,0.05538999900454655,0.001107799980090931,43,1.0
httpx_async,CONSTRUCT,construct,516.6594889627912,0.09677553798610461,0.0019355107597220922,5387,1.0
httpx_async,INSERT,insert_data,307.0169818054261,0.16285744099877775,0.003257148819975555,0,1.0
httpx_async,DELETE,delete_data,303.0247825014442,0.16500300598272588,0.0033000601196545177,0,1.0
httpx_async,UPDATE,update,796.5524573894207,0.0627705049882934,0.0012554100997658679,0,1.0
